{
  "PR-AUC (Average Precision)": 0.9297679675811055,
  "상위 5% 정밀도 (Precision)": 0.9597407698350353,
  "상위 5% 재현율 (Recall)": 0.055344159815179726,
  "상위 5% 리프트 (Lift)": 1.1068071143871163,
  "base_rate": 0.8671255879724648,
  "n_scored": 101833,
  "unit": "user",
  "lift_definition": "precision@5 / base_rate"
}