{
  "5": {
    "cutoff": 0.933526875869386,
    "n_topk": 5092
  },
  "10": {
    "cutoff": 0.9246595186987093,
    "n_topk": 10184
  },
  "15": {
    "cutoff": 0.9165898844185911,
    "n_topk": 15275
  },
  "20": {
    "cutoff": 0.9086010678455626,
    "n_topk": 20367
  },
  "30": {
    "cutoff": 0.889420339273818,
    "n_topk": 30550
  }
}