{
  "model_id": "ml__logreg_lg",
  "split": "test",
  "base_rate": 0.8671255879724648,
  "metrics_by_k": [
    {
      "k_pct": 5,
      "precision_at_k": 0.9597328619131801,
      "recall_at_k": 0.05533283504337388,
      "lift_at_k": 1.106797994691002
    },
    {
      "k_pct": 10,
      "precision_at_k": 0.9538446430325052,
      "recall_at_k": 0.10999750855020271,
      "lift_at_k": 1.1000074917207887
    },
    {
      "k_pct": 15,
      "precision_at_k": 0.952271834489983,
      "recall_at_k": 0.16471880591606078,
      "lift_at_k": 1.0981936730948159
    },
    {
      "k_pct": 30,
      "precision_at_k": 0.9444171658646764,
      "recall_at_k": 0.32673099137052386,
      "lift_at_k": 1.0891353904950918
    }
  ]
}